{
  "timestamp": "2026-07-07 23:00:42",
  "n_trials_per_target": 20000,
  "results": [
    {
      "target_name": "high_energy",
      "target_spec": {
        "output_energy_j": 5e-06,
        "shg_efficiency": 0.01,
        "m2": 1.2
      },
      "best_cost_rmse": 0.02231716248529071,
      "best_design": {
        "pump_power_w": 372.75854443693834,
        "crystal_length_cm": 6.708476759297983,
        "seed_energy_nj": 1396.7041399282703,
        "residual_gdd_fs2": 47710.43596031567,
        "shg_length_mm": 13.460698632476582
      },
      "achieved_metrics": {
        "output_energy_j": 5.0299066800268005e-06,
        "pulse_duration_fs": 3330.9032047618925,
        "m2": 1.1544285398381602,
        "shg_efficiency": 0.009959753507955927,
        "peak_power_w": 1419468.5310776473
      }
    },
    {
      "target_name": "high_shg",
      "target_spec": {
        "output_energy_j": 2e-06,
        "shg_efficiency": 0.5,
        "m2": 1.3
      },
      "best_cost_rmse": 0.571131695521542,
      "best_design": {
        "pump_power_w": 378.9495828340197,
        "crystal_length_cm": 3.1732013321205423,
        "seed_energy_nj": 1093.417145958959,
        "residual_gdd_fs2": 50264.25361333197,
        "shg_length_mm": 19.580917936791444
      },
      "achieved_metrics": {
        "output_energy_j": 2.024754189185251e-06,
        "pulse_duration_fs": 3330.929231437822,
        "m2": 1.1569933986026653,
        "shg_efficiency": 0.008492133523774566,
        "peak_power_w": 571392.7872951459
      }
    },
    {
      "target_name": "low_diverge",
      "target_spec": {
        "output_energy_j": 3e-06,
        "shg_efficiency": 0.1,
        "m2": 1.05
      },
      "best_cost_rmse": 0.4982984363007341,
      "best_design": {
        "pump_power_w": 47.970932741511646,
        "crystal_length_cm": 4.241053298627965,
        "seed_energy_nj": 2950.2834204066194,
        "residual_gdd_fs2": 48379.52800874872,
        "shg_length_mm": 19.967605601207428
      },
      "achieved_metrics": {
        "output_energy_j": 3.2744301082905716e-06,
        "pulse_duration_fs": 3330.9098925127187,
        "m2": 1.019873672135769,
        "shg_efficiency": 0.014226298219132122,
        "peak_power_w": 924061.1127643659
      }
    },
    {
      "target_name": "high_power",
      "target_spec": {
        "output_energy_j": 6e-06,
        "shg_efficiency": 0.05,
        "peak_power_w": 2000000.0
      },
      "best_cost_rmse": 0.2523043905102291,
      "best_design": {
        "pump_power_w": 392.76037112796195,
        "crystal_length_cm": 2.0836368493943938,
        "seed_energy_nj": 4622.671306896426,
        "residual_gdd_fs2": 52689.39553831473,
        "shg_length_mm": 19.865294594698057
      },
      "achieved_metrics": {
        "output_energy_j": 7.030645877408039e-06,
        "pulse_duration_fs": 3330.9552025434264,
        "m2": 1.16271501089587,
        "shg_efficiency": 0.029912531136002264,
        "peak_power_w": 1984057.6419992833
      }
    },
    {
      "target_name": "short_pulse",
      "target_spec": {
        "output_energy_j": 1e-06,
        "pulse_duration_fs": 150.0,
        "m2": 1.1
      },
      "best_cost_rmse": 12.242392984458805,
      "best_design": {
        "pump_power_w": 236.23804542105938,
        "crystal_length_cm": 5.580572956075662,
        "seed_energy_nj": 515.3071366535373,
        "residual_gdd_fs2": 248.48425520488826,
        "shg_length_mm": 13.538871847801254
      },
      "achieved_metrics": {
        "output_energy_j": 1.012598277995178e-06,
        "pulse_duration_fs": 3330.6664236549923,
        "m2": 1.0978700473887246,
        "shg_efficiency": 0.0020393495185078,
        "peak_power_w": 285781.3603173561
      }
    }
  ]
}