{
  "timestamp": "2026-07-07 21:55:45",
  "n_trials_per_target": 20000,
  "results": [
    {
      "target_name": "high_energy",
      "target_spec": {
        "output_energy_j": 5e-06,
        "shg_efficiency": 0.01,
        "m2": 1.2
      },
      "best_cost_rmse": 0.02887858372410986,
      "best_design": {
        "pump_power_w": 340.34855181923064,
        "crystal_length_cm": 3.4157810081009927,
        "seed_energy_nj": 2775.4804743321947,
        "residual_gdd_fs2": 33783.41960094485,
        "shg_length_mm": 13.440503800192268
      },
      "achieved_metrics": {
        "output_energy_j": 5.035393459847854e-06,
        "pulse_duration_fs": 3330.7851435415237,
        "m2": 1.1410015428965385,
        "shg_efficiency": 0.009941199291869368,
        "peak_power_w": 1421067.3004336266
      }
    },
    {
      "target_name": "high_shg",
      "target_spec": {
        "output_energy_j": 2e-06,
        "shg_efficiency": 0.5,
        "m2": 1.3
      },
      "best_cost_rmse": 0.5708854174817902,
      "best_design": {
        "pump_power_w": 390.6236155505766,
        "crystal_length_cm": 1.9554648766743017,
        "seed_energy_nj": 1382.0976598396169,
        "residual_gdd_fs2": 13310.345743994121,
        "shg_length_mm": 19.596350575401466
      },
      "achieved_metrics": {
        "output_energy_j": 2.0441686681422817e-06,
        "pulse_duration_fs": 3330.684847216237,
        "m2": 1.161829783585239,
        "shg_efficiency": 0.008587162608105584,
        "peak_power_w": 576913.9489915224
      }
    },
    {
      "target_name": "low_diverge",
      "target_spec": {
        "output_energy_j": 3e-06,
        "shg_efficiency": 0.1,
        "m2": 1.05
      },
      "best_cost_rmse": 0.4979193279358894,
      "best_design": {
        "pump_power_w": 56.41993214613354,
        "crystal_length_cm": 3.3108965307109512,
        "seed_energy_nj": 3059.3941825470683,
        "residual_gdd_fs2": 7103.55864697938,
        "shg_length_mm": 19.996423244027074
      },
      "achieved_metrics": {
        "output_energy_j": 3.3666895862449577e-06,
        "pulse_duration_fs": 3330.671666504079,
        "m2": 1.0233739718891124,
        "shg_efficiency": 0.014666079554494225,
        "peak_power_w": 950165.1702558728
      }
    },
    {
      "target_name": "high_power",
      "target_spec": {
        "output_energy_j": 6e-06,
        "shg_efficiency": 0.05,
        "peak_power_w": 2000000.0
      },
      "best_cost_rmse": 0.24890166001171077,
      "best_design": {
        "pump_power_w": 203.05675499268037,
        "crystal_length_cm": 4.69133418818953,
        "seed_energy_nj": 4274.437600579769,
        "residual_gdd_fs2": 40762.652150137204,
        "shg_length_mm": 19.99507263324745
      },
      "achieved_metrics": {
        "output_energy_j": 6.963890187285417e-06,
        "pulse_duration_fs": 3330.8392639315775,
        "m2": 1.0841235127826818,
        "shg_efficiency": 0.030015820466188184,
        "peak_power_w": 1965287.5018416862
      }
    },
    {
      "target_name": "short_pulse",
      "target_spec": {
        "output_energy_j": 1e-06,
        "pulse_duration_fs": 150.0,
        "m2": 1.1
      },
      "best_cost_rmse": 12.242392488037588,
      "best_design": {
        "pump_power_w": 259.0040490021496,
        "crystal_length_cm": 4.583673987386226,
        "seed_energy_nj": 542.9044047244737,
        "residual_gdd_fs2": 1622.8479365330895,
        "shg_length_mm": 1.0069501314679274
      },
      "achieved_metrics": {
        "output_energy_j": 9.974904944779858e-07,
        "pulse_duration_fs": 3330.666691201961,
        "m2": 1.1073016774437476,
        "shg_efficiency": 1.1127610994274501e-05,
        "peak_power_w": 281517.5313957739
      }
    }
  ]
}