{
  "timestamp": "2026-07-07 23:55:36",
  "n_samples": 50000,
  "pareto_size": 4,
  "pareto_front": [
    {
      "design": {
        "pump_power_w": 389.88145164598086,
        "crystal_length_cm": 7.966087007055695,
        "seed_energy_nj": 4927.951062930934,
        "residual_gdd_fs2": 24379.070776356417,
        "shg_length_mm": 7.0709097643501355
      },
      "energy_j": 2.4194870453760333e-05,
      "shg_eff": 0.01319182537508157,
      "m2": 1.1615223156819063,
      "peak_pw": 6828289.959207348,
      "dur_fs": 3330.7282441729844
    },
    {
      "design": {
        "pump_power_w": 395.4301184573925,
        "crystal_length_cm": 7.755929037509225,
        "seed_energy_nj": 4926.373334270959,
        "residual_gdd_fs2": 10596.954870015863,
        "shg_length_mm": 14.960727714574604
      },
      "energy_j": 2.3709894167797974e-05,
      "shg_eff": 0.05618701152261948,
      "m2": 1.1638210490752054,
      "peak_pw": 6691520.421731464,
      "dur_fs": 3330.678099008647
    },
    {
      "design": {
        "pump_power_w": 399.6147621656578,
        "crystal_length_cm": 7.584086260651312,
        "seed_energy_nj": 4915.275040038575,
        "residual_gdd_fs2": 45847.82389918716,
        "shg_length_mm": 18.454137484432017
      },
      "energy_j": 2.322166232263577e-05,
      "shg_eff": 0.08219437907627127,
      "m2": 1.1655546871829154,
      "peak_pw": 6553322.036845457,
      "dur_fs": 3330.885077911575
    },
    {
      "design": {
        "pump_power_w": 392.3180032351877,
        "crystal_length_cm": 7.561203371795622,
        "seed_energy_nj": 4990.523251515255,
        "residual_gdd_fs2": 25885.447253305432,
        "shg_length_mm": 19.74451331944975
      },
      "energy_j": 2.2812942447925237e-05,
      "shg_eff": 0.09180061946731931,
      "m2": 1.162531744197435,
      "peak_pw": 6438266.234263042,
      "dur_fs": 3330.7361206854985
    }
  ],
  "best_energy": {
    "design": {
      "pump_power_w": 389.88145164598086,
      "crystal_length_cm": 7.966087007055695,
      "seed_energy_nj": 4927.951062930934,
      "residual_gdd_fs2": 24379.070776356417,
      "shg_length_mm": 7.0709097643501355
    },
    "energy_j": 2.4194870453760333e-05,
    "shg_eff": 0.01319182537508157,
    "m2": 1.1615223156819063,
    "peak_pw": 6828289.959207348,
    "dur_fs": 3330.7282441729844
  },
  "best_shg": {
    "design": {
      "pump_power_w": 392.3180032351877,
      "crystal_length_cm": 7.561203371795622,
      "seed_energy_nj": 4990.523251515255,
      "residual_gdd_fs2": 25885.447253305432,
      "shg_length_mm": 19.74451331944975
    },
    "energy_j": 2.2812942447925237e-05,
    "shg_eff": 0.09180061946731931,
    "m2": 1.162531744197435,
    "peak_pw": 6438266.234263042,
    "dur_fs": 3330.7361206854985
  }
}