{
  "timestamp": "2026-07-07 21:59:31",
  "n_steps_per_knob": 51,
  "nominal_design": {
    "pump_power_w": 202.5,
    "crystal_length_cm": 4.1,
    "seed_energy_nj": 2500.05,
    "residual_gdd_fs2": 30000.0,
    "shg_length_mm": 10.0
  },
  "sensitivity": {
    "pump_power_w": {
      "output_energy_j": {
        "range": 3.2663121292738096e-06,
        "mean": 3.940767397040597e-06,
        "norm_range": 0.8288517946343943,
        "curve": [
          2.5264486387994366e-06,
          2.5687277787457314e-06,
          2.611714424129113e-06,
          2.6554204137895684e-06,
          2.6998577846466037e-06,
          2.745038775012622e-06,
          2.790975827961702e-06,
          2.837681594754706e-06,
          2.885168938321643e-06,
          2.933450936802265e-06
        ]
      },
      "pulse_duration_fs": {
        "range": 0.0,
        "mean": 3330.7600405222643,
        "norm_range": 0.0,
        "curve": [
          3330.760040522267,
          3330.760040522267,
          3330.760040522267,
          3330.760040522267,
          3330.760040522267,
          3330.760040522267,
          3330.760040522267,
          3330.760040522267,
          3330.760040522267,
          3330.760040522267
        ]
      },
      "m2": {
        "range": 0.1636428571428572,
        "mean": 1.0838928571428574,
        "norm_range": 0.15097696793963558,
        "curve": [
          1.0020714285714285,
          1.0053442857142858,
          1.0086171428571429,
          1.01189,
          1.0151628571428573,
          1.0184357142857143,
          1.0217085714285714,
          1.0249814285714285,
          1.0282542857142858,
          1.0315271428571429
        ]
      },
      "shg_efficiency": {
        "range": 0.003571730976434979,
        "mean": 0.004322364504237959,
        "norm_range": 0.8263372912980835,
        "curve": [
          0.0027744347686098152,
          0.002820776500801224,
          0.0028678907789269972,
          0.0029157904310663017,
          0.002964488496597052,
          0.0030139982296185936,
          0.003064333102427857,
          0.00311550680904978,
          0.0031675332688227494,
          0.003220426630039859
        ]
      },
      "peak_power_w": {
        "range": 921811.6478411782,
        "mean": 1112154.976086875,
        "norm_range": 0.8288517946343943,
        "curve": [
          713008.9503833152,
          724940.8791521273,
          737072.4785975327,
          749407.0898517214,
          761948.1099484629,
          774698.9927582009,
          787663.2499387824,
          800844.4519020854,
          814246.2287968034,
          827872.2715076641
        ]
      }
    },
    "crystal_length_cm": {
      "output_energy_j": {
        "range": 3.1812314775039963e-06,
        "mean": 3.935100858505803e-06,
        "norm_range": 0.8084243814558647,
        "curve": [
          2.5524720125170173e-06,
          2.594123063485231e-06,
          2.6364537542369154e-06,
          2.679475174148556e-06,
          2.7231985935164266e-06,
          2.767635466507562e-06,
          2.812797434158847e-06,
          2.8586963274249875e-06,
          2.9053441702761923e-06,
          2.9527531828463343e-06
        ]
      },
      "pulse_duration_fs": {
        "range": 0.0,
        "mean": 3330.7600405222643,
        "norm_range": 0.0,
        "curve": [
          3330.760040522267,
          3330.760040522267,
          3330.760040522267,
          3330.760040522267,
          3330.760040522267,
          3330.760040522267,
          3330.760040522267,
          3330.760040522267,
          3330.760040522267,
          3330.760040522267
        ]
      },
      "m2": {
        "range": 0.0,
        "mean": 1.083892857142857,
        "norm_range": 0.0,
        "curve": [
          1.0838928571428572,
          1.0838928571428572,
          1.0838928571428572,
          1.0838928571428572,
          1.0838928571428572,
          1.0838928571428572,
          1.0838928571428572,
          1.0838928571428572,
          1.0838928571428572,
          1.0838928571428572
        ]
      },
      "shg_efficiency": {
        "range": 0.0034787787259444244,
        "mean": 0.004316203486097479,
        "norm_range": 0.8059811677437346,
        "curve": [
          0.0028029590617006583,
          0.002848610632056672,
          0.002895004265727721,
          0.002942151976930508,
          0.002990065972818738,
          0.0030387586565296235,
          0.0030882426302767814,
          0.00313853069849016,
          0.003189635871003674,
          0.0032415713662911835
        ]
      },
      "peak_power_w": {
        "range": 897800.3676256619,
        "mean": 1110555.7776583172,
        "norm_range": 0.8084243814558647,
        "curve": [
          720353.211451936,
          732107.88228796,
          744054.3596152021,
          756195.7730538601,
          768535.3032829288,
          781076.182873017,
          793821.6971327447,
          806775.1849689345,
          819940.0397608327,
          833319.710248577
        ]
      }
    },
    "seed_energy_nj": {
      "output_energy_j": {
        "range": 7.650786613936337e-06,
        "mean": 3.825581472560557e-06,
        "norm_range": 1.999901627716603,
        "curve": [
          1.5302309614629385e-10,
          1.5317297262190598e-07,
          3.061927500030938e-07,
          4.59212355240462e-07,
          6.122317883347636e-07,
          7.652510492867508e-07,
          9.182701380971758e-07,
          1.071289054766792e-06,
          1.2243077992963513e-06,
          1.3773263716866066e-06
        ]
      },
      "pulse_duration_fs": {
        "range": 0.0,
        "mean": 3330.7600405222643,
        "norm_range": 0.0,
        "curve": [
          3330.760040522267,
          3330.760040522267,
          3330.760040522267,
          3330.760040522267,
          3330.760040522267,
          3330.760040522267,
          3330.760040522267,
          3330.760040522267,
          3330.760040522267,
          3330.760040522267
        ]
      },
      "m2": {
        "range": 0.0,
        "mean": 1.083892857142857,
        "norm_range": 0.0,
        "curve": [
          1.0838928571428572,
          1.0838928571428572,
          1.0838928571428572,
          1.0838928571428572,
          1.0838928571428572,
          1.0838928571428572,
          1.0838928571428572,
          1.0838928571428572,
          1.0838928571428572,
          1.0838928571428572
        ]
      },
      "shg_efficiency": {
        "range": 0.008370318689566981,
        "mean": 0.004193026171626285,
        "norm_range": 1.9962476614641578,
        "curve": [
          1.6835469382528651e-07,
          0.00016850067478447778,
          0.0003367950268671501,
          0.0005050514218796754,
          0.000673269870756022,
          0.0008414503844262946,
          0.0010095929738167342,
          0.0011776976498497267,
          0.0013457644234437921,
          0.0015137933055136
        ]
      },
      "peak_power_w": {
        "range": 2159188.6925521307,
        "mean": 1079647.4499685238,
        "norm_range": 1.9999016277166033,
        "curve": [
          43.185852066053265,
          43228.14988557836,
          86413.06533681646,
          129597.93220599269,
          172782.7504933195,
          215967.52019900928,
          259152.2413232742,
          302336.91386632697,
          345521.5378283797,
          388706.113209645
        ]
      }
    },
    "residual_gdd_fs2": {
      "output_energy_j": {
        "range": 0.0,
        "mean": 3.825600119599364e-06,
        "norm_range": 0.0,
        "curve": [
          3.825600119599365e-06,
          3.825600119599365e-06,
          3.825600119599365e-06,
          3.825600119599365e-06,
          3.825600119599365e-06,
          3.825600119599365e-06,
          3.825600119599365e-06,
          3.825600119599365e-06,
          3.825600119599365e-06,
          3.825600119599365e-06
        ]
      },